{"dataset": "ogbg-molclintox", "structure": {"0.0": [0.4547008377934563, 0.4443529681212683, 0.4493060908145943], "1.0": [0.4761397886617051, 0.4451837976756886, 0.40497388157268055]}, "feature": {"0.0": [0.4768554386935644, 0.46573176757493406, 0.47384181961634403], "1.0": [0.6687694993998141, 0.46783443427499716, 0.574453836540713]}}